company,title,url,published,is_remote,role_family
InterContinental Recruiting,"InterContinental Recruiting: Front End Web Developer, WFH",https://weworkremotely.com/remote-jobs/intercontinental-recruiting-front-end-web-developer-wfh,"Fri, 05 Jun 2026 18:44:00 +0000",True,Engineering
Anexia Internetdienstleistungs,Anexia Internetdienstleistungs: Technical Advisor – Training & Quality (M/W/D),https://weworkremotely.com/remote-jobs/anexia-internetdienstleistungs-technical-advisor-training-quality-m-w-d,"Thu, 04 Jun 2026 16:08:35 +0000",True,Engineering
Adoreal,Adoreal: Web Development Manager (Marketing & Webflow),https://weworkremotely.com/remote-jobs/adoreal-web-development-manager-marketing-webflow,"Thu, 04 Jun 2026 16:08:35 +0000",True,Engineering
Anexia Internetdienstleistungs,Anexia Internetdienstleistungs: Senior Linux System Engineer (M/W/D),https://weworkremotely.com/remote-jobs/anexia-internetdienstleistungs-senior-linux-system-engineer-m-w-d,"Thu, 04 Jun 2026 16:08:35 +0000",True,Engineering
Hostinger,Hostinger: Full-Stack Developer (Node.js) | Website Builder | Based in Poland,https://weworkremotely.com/remote-jobs/hostinger-full-stack-developer-node-js-website-builder-based-in-poland,"Thu, 04 Jun 2026 16:08:35 +0000",True,Engineering
Akamai,Akamai: Senior Lead Software Engineer II,https://weworkremotely.com/remote-jobs/akamai-senior-lead-software-engineer-ii,"Wed, 03 Jun 2026 20:03:59 +0000",True,Engineering
POS+,POS+: Full-Stack JavaScript Engineer (Remote - LATAM or Europe),https://weworkremotely.com/remote-jobs/pos-full-stack-javascript-engineer-remote-latam-or-europe,"Wed, 03 Jun 2026 17:06:51 +0000",True,Engineering
Lemon.io,Lemon.io: Senior React Full-stack Developer,https://weworkremotely.com/remote-jobs/lemon-io-senior-react-full-stack-developer-4,"Wed, 03 Jun 2026 08:53:05 +0000",True,Engineering
Insignia Consultancy Solutions,Insignia Consultancy Solutions: Devops lead,https://weworkremotely.com/remote-jobs/insignia-consultancy-solutions-devops-lead,"Tue, 02 Jun 2026 20:31:13 +0000",True,Engineering
Merchant Innovate,Merchant Innovate: Senior DevOps Engineer (Web3),https://weworkremotely.com/remote-jobs/merchant-innovate-senior-devops-engineer-web3,"Tue, 02 Jun 2026 20:31:13 +0000",True,Engineering
