title,url,published
"When the Trump administration cracks down on Anthropic, who benefits?",https://techcrunch.com/2026/06/21/when-the-trump-administration-cracks-down-on-anthropic-who-benefits/,"Sun, 21 Jun 2026 15:28:17 +0000"
Beyond Siri: Here are the practical AI features coming to your iPhone in iOS 27,https://techcrunch.com/2026/06/21/beyond-siri-here-are-the-practical-ai-features-coming-to-your-iphone-in-ios-27/,"Sun, 21 Jun 2026 14:40:28 +0000"
Signal’s Meredith Whittaker wants you to remember that AI chatbots ‘are not your friends’,https://techcrunch.com/2026/06/20/signals-meredith-whittaker-wants-you-to-remember-that-ai-chatbots-are-not-your-friends/,"Sat, 20 Jun 2026 20:32:29 +0000"
In the Weights is your new AI-centric vanity search,https://techcrunch.com/2026/06/20/in-the-weights-is-your-new-ai-centric-vanity-search/,"Sat, 20 Jun 2026 19:41:11 +0000"
Nobel laureate John Jumper is leaving DeepMind for rival Anthropic,https://techcrunch.com/2026/06/20/nobel-laureate-john-jumper-is-leaving-deepmind-for-rival-anthropic/,"Sat, 20 Jun 2026 16:39:57 +0000"
From PGP to Mythos: a brief history of export controls that didn’t stop anyone,https://techcrunch.com/2026/06/19/encryption-spyware-and-now-mythos-history-shows-why-cyber-export-control-doesnt-work/,"Fri, 19 Jun 2026 22:40:14 +0000"
Is the US government’s Anthropic ban accidentally helping the brand?,https://techcrunch.com/video/is-the-us-governments-anthropic-ban-accidentally-helping-the-brand/,"Fri, 19 Jun 2026 16:08:17 +0000"
"The US banned Anthropic’s Fable 5 release, but the numbers don’t seem to care",https://techcrunch.com/podcast/the-us-banned-anthropics-fable-5-release-but-the-numbers-dont-seem-to-care/,"Fri, 19 Jun 2026 16:01:03 +0000"
"Billionaire Ambani wants AI in every call, app, and home",https://techcrunch.com/2026/06/19/billionaire-ambani-wants-ai-in-every-call-app-and-home/,"Fri, 19 Jun 2026 15:23:28 +0000"
The CEO of Allbirds’ new AI biz has a plan. Now she needs a “brand-new team”,https://techcrunch.com/2026/06/19/the-ceo-of-allbirds-new-ai-biz-has-a-plan-but-no-employees/,"Fri, 19 Jun 2026 13:00:00 +0000"
