name,source,url
openai,GitHub Organizations,https://github.com/openai
microsoft,GitHub Organizations,https://github.com/microsoft
deepseek-ai,GitHub Organizations,https://github.com/deepseek-ai
github,GitHub Organizations,https://github.com/github
google,GitHub Organizations,https://github.com/google
anthropics,GitHub Organizations,https://github.com/anthropics
huggingface,GitHub Organizations,https://github.com/huggingface
TheAlgorithms,GitHub Organizations,https://github.com/TheAlgorithms
EpicGames,GitHub Organizations,https://github.com/EpicGames
modelcontextprotocol,GitHub Organizations,https://github.com/modelcontextprotocol
Microsoft-corp,GitHub Organizations,https://github.com/Microsoft-corp
apple,GitHub Organizations,https://github.com/apple
facebookresearch,GitHub Organizations,https://github.com/facebookresearch
facebook,GitHub Organizations,https://github.com/facebook
Visual-Studio-Code,GitHub Organizations,https://github.com/Visual-Studio-Code
freeCodeCamp,GitHub Organizations,https://github.com/freeCodeCamp
python,GitHub Organizations,https://github.com/python
community,GitHub Organizations,https://github.com/community
ReVanced,GitHub Organizations,https://github.com/ReVanced
datawhalechina,GitHub Organizations,https://github.com/datawhalechina
vercel,GitHub Organizations,https://github.com/vercel
brahmGAN,GitHub Organizations,https://github.com/brahmGAN
NVIDIA,GitHub Organizations,https://github.com/NVIDIA
google-deepmind,GitHub Organizations,https://github.com/google-deepmind
apache,GitHub Organizations,https://github.com/apache
dotnet,GitHub Organizations,https://github.com/dotnet
termux,GitHub Organizations,https://github.com/termux
openclaw,GitHub Organizations,https://github.com/openclaw
flutter,GitHub Organizations,https://github.com/flutter
tensorflow,GitHub Organizations,https://github.com/tensorflow
GoogleCloudPlatform,GitHub Organizations,https://github.com/GoogleCloudPlatform
cs50,GitHub Organizations,https://github.com/cs50
vuejs,GitHub Organizations,https://github.com/vuejs
tachiyomiorg,GitHub Organizations,https://github.com/tachiyomiorg
langchain-ai,GitHub Organizations,https://github.com/langchain-ai
alibaba,GitHub Organizations,https://github.com/alibaba
home-assistant,GitHub Organizations,https://github.com/home-assistant
unicitynetwork,GitHub Organizations,https://github.com/unicitynetwork
PacktPublishing,GitHub Organizations,https://github.com/PacktPublishing
android,GitHub Organizations,https://github.com/android
bytedance,GitHub Organizations,https://github.com/bytedance
aws-samples,GitHub Organizations,https://github.com/aws-samples
QwenLM,GitHub Organizations,https://github.com/QwenLM
codecrafters-io,GitHub Organizations,https://github.com/codecrafters-io
rust-lang,GitHub Organizations,https://github.com/rust-lang
spring-projects,GitHub Organizations,https://github.com/spring-projects
google-research,GitHub Organizations,https://github.com/google-research
nodejs,GitHub Organizations,https://github.com/nodejs
aws,GitHub Organizations,https://github.com/aws
ossu,GitHub Organizations,https://github.com/ossu
charmbracelet,GitHub Organizations,https://github.com/charmbracelet
twitter,GitHub Organizations,https://github.com/twitter
ethereum,GitHub Organizations,https://github.com/ethereum
flipperdevices,GitHub Organizations,https://github.com/flipperdevices
Azure,GitHub Organizations,https://github.com/Azure
docker,GitHub Organizations,https://github.com/docker
twbs,GitHub Organizations,https://github.com/twbs
google-gemini,GitHub Organizations,https://github.com/google-gemini
cloudflare,GitHub Organizations,https://github.com/cloudflare
netlify,GitHub Organizations,https://github.com/netlify
n8n-io,GitHub Organizations,https://github.com/n8n-io
kubernetes,GitHub Organizations,https://github.com/kubernetes
tsoding,GitHub Organizations,https://github.com/tsoding
intel-innersource,GitHub Organizations,https://github.com/intel-innersource
Stability-AI,GitHub Organizations,https://github.com/Stability-AI
Tencent,GitHub Organizations,https://github.com/Tencent
pytorch,GitHub Organizations,https://github.com/pytorch
JetBrains,GitHub Organizations,https://github.com/JetBrains
obsidianmd,GitHub Organizations,https://github.com/obsidianmd
mdn,GitHub Organizations,https://github.com/mdn
ValveSoftware,GitHub Organizations,https://github.com/ValveSoftware
Unity-Technologies,GitHub Organizations,https://github.com/Unity-Technologies
open-mmlab,GitHub Organizations,https://github.com/open-mmlab
golang,GitHub Organizations,https://github.com/golang
THUDM,GitHub Organizations,https://github.com/THUDM
uprockcom,GitHub Organizations,https://github.com/uprockcom
godotengine,GitHub Organizations,https://github.com/godotengine
HKUDS,GitHub Organizations,https://github.com/HKUDS
lmstudio-ai,GitHub Organizations,https://github.com/lmstudio-ai
projectdiscovery,GitHub Organizations,https://github.com/projectdiscovery
EurekaLabsAI,GitHub Organizations,https://github.com/EurekaLabsAI
OWASP,GitHub Organizations,https://github.com/OWASP
replicate,GitHub Organizations,https://github.com/replicate
TheOdinProject,GitHub Organizations,https://github.com/TheOdinProject
awslabs,GitHub Organizations,https://github.com/awslabs
meta-llama,GitHub Organizations,https://github.com/meta-llama
ultralytics,GitHub Organizations,https://github.com/ultralytics
laravel,GitHub Organizations,https://github.com/laravel
TanStack,GitHub Organizations,https://github.com/TanStack
intel-sandbox,GitHub Organizations,https://github.com/intel-sandbox
NVlabs,GitHub Organizations,https://github.com/NVlabs
skills,GitHub Organizations,https://github.com/skills
nextcloud,GitHub Organizations,https://github.com/nextcloud
EbookFoundation,GitHub Organizations,https://github.com/EbookFoundation
mozilla,GitHub Organizations,https://github.com/mozilla
hashicorp,GitHub Organizations,https://github.com/hashicorp
supabase,GitHub Organizations,https://github.com/supabase
zen-browser,GitHub Organizations,https://github.com/zen-browser
iptv-org,GitHub Organizations,https://github.com/iptv-org
discord,GitHub Organizations,https://github.com/discord
actions,GitHub Organizations,https://github.com/actions
bitwarden,GitHub Organizations,https://github.com/bitwarden
signalapp,GitHub Organizations,https://github.com/signalapp
code50,GitHub Organizations,https://github.com/code50
base-org,GitHub Organizations,https://github.com/base-org
catppuccin,GitHub Organizations,https://github.com/catppuccin
AsahiLinux,GitHub Organizations,https://github.com/AsahiLinux
Netflix,GitHub Organizations,https://github.com/Netflix
astral-sh,GitHub Organizations,https://github.com/astral-sh
tc39,GitHub Organizations,https://github.com/tc39
pmndrs,GitHub Organizations,https://github.com/pmndrs
xai-org,GitHub Organizations,https://github.com/xai-org
unicity-astrid,GitHub Organizations,https://github.com/unicity-astrid
scroll-tech,GitHub Organizations,https://github.com/scroll-tech
desktop,GitHub Organizations,https://github.com/desktop
django,GitHub Organizations,https://github.com/django
cursoemvideo,GitHub Organizations,https://github.com/cursoemvideo
dair-ai,GitHub Organizations,https://github.com/dair-ai
bosch-copilot,GitHub Organizations,https://github.com/bosch-copilot
ollama,GitHub Organizations,https://github.com/ollama
tailwindlabs,GitHub Organizations,https://github.com/tailwindlabs
nasa,GitHub Organizations,https://github.com/nasa
digitalinnovationone,GitHub Organizations,https://github.com/digitalinnovationone
MicrosoftLearning,GitHub Organizations,https://github.com/MicrosoftLearning
MicrosoftDocs,GitHub Organizations,https://github.com/MicrosoftDocs
bluesky-social,GitHub Organizations,https://github.com/bluesky-social
bitcoin,GitHub Organizations,https://github.com/bitcoin
angular,GitHub Organizations,https://github.com/angular
mistralai,GitHub Organizations,https://github.com/mistralai
Azure-Samples,GitHub Organizations,https://github.com/Azure-Samples
fireship-io,GitHub Organizations,https://github.com/fireship-io
NationalSecurityAgency,GitHub Organizations,https://github.com/NationalSecurityAgency
GrapheneOS,GitHub Organizations,https://github.com/GrapheneOS
odoo,GitHub Organizations,https://github.com/odoo
IBM,GitHub Organizations,https://github.com/IBM
Shopify,GitHub Organizations,https://github.com/Shopify
espressif,GitHub Organizations,https://github.com/espressif
zero-to-mastery,GitHub Organizations,https://github.com/zero-to-mastery
worldcoin,GitHub Organizations,https://github.com/worldcoin
shadowsocks,GitHub Organizations,https://github.com/shadowsocks
git-ecosystem,GitHub Organizations,https://github.com/git-ecosystem
DataTalksClub,GitHub Organizations,https://github.com/DataTalksClub
taikoxyz,GitHub Organizations,https://github.com/taikoxyz
Fuelet,GitHub Organizations,https://github.com/Fuelet
w3c,GitHub Organizations,https://github.com/w3c
vercel-labs,GitHub Organizations,https://github.com/vercel-labs
cncf,GitHub Organizations,https://github.com/cncf
open-telemetry,GitHub Organizations,https://github.com/open-telemetry
intel-restricted,GitHub Organizations,https://github.com/intel-restricted
massgravel,GitHub Organizations,https://github.com/massgravel
EddieHubCommunity,GitHub Organizations,https://github.com/EddieHubCommunity
FossifyOrg,GitHub Organizations,https://github.com/FossifyOrg
spaceandtimefdn,GitHub Organizations,https://github.com/spaceandtimefdn
PaddlePaddle,GitHub Organizations,https://github.com/PaddlePaddle
alura-cursos,GitHub Organizations,https://github.com/alura-cursos
raspberrypi,GitHub Organizations,https://github.com/raspberrypi
firebase,GitHub Organizations,https://github.com/firebase
grafana,GitHub Organizations,https://github.com/grafana
ghostty-org,GitHub Organizations,https://github.com/ghostty-org
greatfrontend,GitHub Organizations,https://github.com/greatfrontend
Lightning-AI,GitHub Organizations,https://github.com/Lightning-AI
Uniswap,GitHub Organizations,https://github.com/Uniswap
meshtastic,GitHub Organizations,https://github.com/meshtastic
Homebrew,GitHub Organizations,https://github.com/Homebrew
LinkedInLearning,GitHub Organizations,https://github.com/LinkedInLearning
academind,GitHub Organizations,https://github.com/academind
OpenBMB,GitHub Organizations,https://github.com/OpenBMB
MiniMax-AI,GitHub Organizations,https://github.com/MiniMax-AI
matrix-org,GitHub Organizations,https://github.com/matrix-org
linuxserver,GitHub Organizations,https://github.com/linuxserver
GoogleChrome,GitHub Organizations,https://github.com/GoogleChrome
AI4Finance-Foundation,GitHub Organizations,https://github.com/AI4Finance-Foundation
codewars,GitHub Organizations,https://github.com/codewars
filswan,GitHub Organizations,https://github.com/filswan
exercism,GitHub Organizations,https://github.com/exercism
FuelLabs,GitHub Organizations,https://github.com/FuelLabs
googleapis,GitHub Organizations,https://github.com/googleapis
electronicarts,GitHub Organizations,https://github.com/electronicarts
Universidade-Livre,GitHub Organizations,https://github.com/Universidade-Livre
NousResearch,GitHub Organizations,https://github.com/NousResearch
clash-verge-rev,GitHub Organizations,https://github.com/clash-verge-rev
unitreerobotics,GitHub Organizations,https://github.com/unitreerobotics
teaxyz,GitHub Organizations,https://github.com/teaxyz
containers,GitHub Organizations,https://github.com/containers
MoonshotAI,GitHub Organizations,https://github.com/MoonshotAI
cursor,GitHub Organizations,https://github.com/cursor
OptimaiNetwork,GitHub Organizations,https://github.com/OptimaiNetwork
teslamotors,GitHub Organizations,https://github.com/teslamotors
modelscope,GitHub Organizations,https://github.com/modelscope
archlinux,GitHub Organizations,https://github.com/archlinux
anyproto,GitHub Organizations,https://github.com/anyproto
reactjs,GitHub Organizations,https://github.com/reactjs
codebasics,GitHub Organizations,https://github.com/codebasics
openjdk,GitHub Organizations,https://github.com/openjdk
unicity-sphere,GitHub Organizations,https://github.com/unicity-sphere
LineageOS,GitHub Organizations,https://github.com/LineageOS
NixOS,GitHub Organizations,https://github.com/NixOS
unjs,GitHub Organizations,https://github.com/unjs
hacs,GitHub Organizations,https://github.com/hacs
blender,GitHub Organizations,https://github.com/blender
MetaMask,GitHub Organizations,https://github.com/MetaMask
denoland,GitHub Organizations,https://github.com/denoland
doocs,GitHub Organizations,https://github.com/doocs
paperswithcode,GitHub Organizations,https://github.com/paperswithcode
aptos-labs,GitHub Organizations,https://github.com/aptos-labs
Euro-Office,GitHub Organizations,https://github.com/Euro-Office
public-apis,GitHub Organizations,https://github.com/public-apis
solana-labs,GitHub Organizations,https://github.com/solana-labs
frappe,GitHub Organizations,https://github.com/frappe
oracle,GitHub Organizations,https://github.com/oracle
xdevplatform,GitHub Organizations,https://github.com/xdevplatform
arduino,GitHub Organizations,https://github.com/arduino
0voice,GitHub Organizations,https://github.com/0voice
frontendbr,GitHub Organizations,https://github.com/frontendbr
interviewstreet,GitHub Organizations,https://github.com/interviewstreet
airbnb,GitHub Organizations,https://github.com/airbnb
zed-industries,GitHub Organizations,https://github.com/zed-industries
ton-blockchain,GitHub Organizations,https://github.com/ton-blockchain
scikit-learn,GitHub Organizations,https://github.com/scikit-learn
rocketseat-education,GitHub Organizations,https://github.com/rocketseat-education
FrameworkComputer,GitHub Organizations,https://github.com/FrameworkComputer
MetaCubeX,GitHub Organizations,https://github.com/MetaCubeX
OpenZeppelin,GitHub Organizations,https://github.com/OpenZeppelin
MicrosoftCopilot,GitHub Organizations,https://github.com/MicrosoftCopilot
elastic,GitHub Organizations,https://github.com/elastic
AyuGram,GitHub Organizations,https://github.com/AyuGram
unionlabs,GitHub Organizations,https://github.com/unionlabs
ProtonVPN,GitHub Organizations,https://github.com/ProtonVPN
opencv,GitHub Organizations,https://github.com/opencv
dart-lang,GitHub Organizations,https://github.com/dart-lang
intel,GitHub Organizations,https://github.com/intel
fastai,GitHub Organizations,https://github.com/fastai
shadcn-ui,GitHub Organizations,https://github.com/shadcn-ui
pandas-dev,GitHub Organizations,https://github.com/pandas-dev
microg,GitHub Organizations,https://github.com/microg
swiftlang,GitHub Organizations,https://github.com/swiftlang
STMicroelectronics,GitHub Organizations,https://github.com/STMicroelectronics
brave,GitHub Organizations,https://github.com/brave
ProtonMail,GitHub Organizations,https://github.com/ProtonMail
linuxmint,GitHub Organizations,https://github.com/linuxmint
id-Software,GitHub Organizations,https://github.com/id-Software
practical-tutorials,GitHub Organizations,https://github.com/practical-tutorials
git,GitHub Organizations,https://github.com/git
streamlit,GitHub Organizations,https://github.com/streamlit
hiddify,GitHub Organizations,https://github.com/hiddify
hackclub,GitHub Organizations,https://github.com/hackclub
Xposed-Modules-Repo,GitHub Organizations,https://github.com/Xposed-Modules-Repo
sveltejs,GitHub Organizations,https://github.com/sveltejs
ProvableHQ,GitHub Organizations,https://github.com/ProvableHQ
pop-os,GitHub Organizations,https://github.com/pop-os
DarkFlippers,GitHub Organizations,https://github.com/DarkFlippers
MorpheApp,GitHub Organizations,https://github.com/MorpheApp
ml-explore,GitHub Organizations,https://github.com/ml-explore
anomalyco,GitHub Organizations,https://github.com/anomalyco
cloudwego,GitHub Organizations,https://github.com/cloudwego
SimplifyJobs,GitHub Organizations,https://github.com/SimplifyJobs
roboflow,GitHub Organizations,https://github.com/roboflow
PowerShell,GitHub Organizations,https://github.com/PowerShell
riscv,GitHub Organizations,https://github.com/riscv
spotify,GitHub Organizations,https://github.com/spotify
googleworkspace,GitHub Organizations,https://github.com/googleworkspace
npm,GitHub Organizations,https://github.com/npm
intel-collab,GitHub Organizations,https://github.com/intel-collab
open-webui,GitHub Organizations,https://github.com/open-webui
bayer-int,GitHub Organizations,https://github.com/bayer-int
jgraph,GitHub Organizations,https://github.com/jgraph
matter-labs,GitHub Organizations,https://github.com/matter-labs
Rocketseat,GitHub Organizations,https://github.com/Rocketseat
ddd-crew,GitHub Organizations,https://github.com/ddd-crew
neovim,GitHub Organizations,https://github.com/neovim
mui,GitHub Organizations,https://github.com/mui
prisma,GitHub Organizations,https://github.com/prisma
material-components,GitHub Organizations,https://github.com/material-components
zai-org,GitHub Organizations,https://github.com/zai-org
allenai,GitHub Organizations,https://github.com/allenai
LSPosed,GitHub Organizations,https://github.com/LSPosed
OCA,GitHub Organizations,https://github.com/OCA
nestjs,GitHub Organizations,https://github.com/nestjs
Roblox,GitHub Organizations,https://github.com/Roblox
WordPress,GitHub Organizations,https://github.com/WordPress
XTLS,GitHub Organizations,https://github.com/XTLS
nuxt,GitHub Organizations,https://github.com/nuxt
base,GitHub Organizations,https://github.com/base
jellyfin,GitHub Organizations,https://github.com/jellyfin
prometheus,GitHub Organizations,https://github.com/prometheus
dependabot,GitHub Organizations,https://github.com/dependabot
codepen,GitHub Organizations,https://github.com/codepen
ice-blockchain,GitHub Organizations,https://github.com/ice-blockchain
vitejs,GitHub Organizations,https://github.com/vitejs
mongodb,GitHub Organizations,https://github.com/mongodb
tauri-apps,GitHub Organizations,https://github.com/tauri-apps
terraform-aws-modules,GitHub Organizations,https://github.com/terraform-aws-modules
ONLYOFFICE,GitHub Organizations,https://github.com/ONLYOFFICE
CachyOS,GitHub Organizations,https://github.com/CachyOS
kubernetes-sigs,GitHub Organizations,https://github.com/kubernetes-sigs
ros2,GitHub Organizations,https://github.com/ros2
expo,GitHub Organizations,https://github.com/expo
Significant-Gravitas,GitHub Organizations,https://github.com/Significant-Gravitas
zeta-chain,GitHub Organizations,https://github.com/zeta-chain
Hack-with-Github,GitHub Organizations,https://github.com/Hack-with-Github
getgems-io,GitHub Organizations,https://github.com/getgems-io
CompVis,GitHub Organizations,https://github.com/CompVis
berachain,GitHub Organizations,https://github.com/berachain
remix-run,GitHub Organizations,https://github.com/remix-run
DataExpert-io-Community,GitHub Organizations,https://github.com/DataExpert-io-Community
EleutherAI,GitHub Organizations,https://github.com/EleutherAI
pi-hole,GitHub Organizations,https://github.com/pi-hole
commaai,GitHub Organizations,https://github.com/commaai
appwrite,GitHub Organizations,https://github.com/appwrite
SAP,GitHub Organizations,https://github.com/SAP
apple-oss-distributions,GitHub Organizations,https://github.com/apple-oss-distributions
LAION-AI,GitHub Organizations,https://github.com/LAION-AI
palantir,GitHub Organizations,https://github.com/palantir
philips-internal,GitHub Organizations,https://github.com/philips-internal
FreeCAD,GitHub Organizations,https://github.com/FreeCAD
revoltchat,GitHub Organizations,https://github.com/revoltchat
moonlight-stream,GitHub Organizations,https://github.com/moonlight-stream
free-educa,GitHub Organizations,https://github.com/free-educa
mit-han-lab,GitHub Organizations,https://github.com/mit-han-lab
bnb-chain,GitHub Organizations,https://github.com/bnb-chain
apachecn,GitHub Organizations,https://github.com/apachecn
lewagon,GitHub Organizations,https://github.com/lewagon
withastro,GitHub Organizations,https://github.com/withastro
jina-ai,GitHub Organizations,https://github.com/jina-ai
smartcontractkit,GitHub Organizations,https://github.com/smartcontractkit
Ryubing,GitHub Organizations,https://github.com/Ryubing
lichess-org,GitHub Organizations,https://github.com/lichess-org
trustwallet,GitHub Organizations,https://github.com/trustwallet
skyline-emu,GitHub Organizations,https://github.com/skyline-emu
llvm,GitHub Organizations,https://github.com/llvm
postmanlabs,GitHub Organizations,https://github.com/postmanlabs
argoproj,GitHub Organizations,https://github.com/argoproj
radix-ui,GitHub Organizations,https://github.com/radix-ui
hak5,GitHub Organizations,https://github.com/hak5
The-Art-of-Hacking,GitHub Organizations,https://github.com/The-Art-of-Hacking
playcanvas,GitHub Organizations,https://github.com/playcanvas
leon-ai,GitHub Organizations,https://github.com/leon-ai
MystenLabs,GitHub Organizations,https://github.com/MystenLabs
ggml-org,GitHub Organizations,https://github.com/ggml-org
PojavLauncherTeam,GitHub Organizations,https://github.com/PojavLauncherTeam
Stremio,GitHub Organizations,https://github.com/Stremio
php,GitHub Organizations,https://github.com/php
yt-dlp,GitHub Organizations,https://github.com/yt-dlp
run-llama,GitHub Organizations,https://github.com/run-llama
cisagov,GitHub Organizations,https://github.com/cisagov
electron,GitHub Organizations,https://github.com/electron
google-ai-edge,GitHub Organizations,https://github.com/google-ai-edge
Qiskit,GitHub Organizations,https://github.com/Qiskit
KhronosGroup,GitHub Organizations,https://github.com/KhronosGroup
uber,GitHub Organizations,https://github.com/uber
googlemaps,GitHub Organizations,https://github.com/googlemaps
sideprotocol,GitHub Organizations,https://github.com/sideprotocol
warpdotdev,GitHub Organizations,https://github.com/warpdotdev
XiaoMi,GitHub Organizations,https://github.com/XiaoMi
SAP-samples,GitHub Organizations,https://github.com/SAP-samples
AdguardTeam,GitHub Organizations,https://github.com/AdguardTeam
appbrewery,GitHub Organizations,https://github.com/appbrewery
ubuntu,GitHub Organizations,https://github.com/ubuntu
Mojang,GitHub Organizations,https://github.com/Mojang
ProgrammerZamanNow,GitHub Organizations,https://github.com/ProgrammerZamanNow
databricks,GitHub Organizations,https://github.com/databricks
opensearch-project,GitHub Organizations,https://github.com/opensearch-project
jenkinsci,GitHub Organizations,https://github.com/jenkinsci
stackblitz,GitHub Organizations,https://github.com/stackblitz
canonical,GitHub Organizations,https://github.com/canonical
spatie,GitHub Organizations,https://github.com/spatie
4GeeksAcademy,GitHub Organizations,https://github.com/4GeeksAcademy
opengeos,GitHub Organizations,https://github.com/opengeos
opentofu,GitHub Organizations,https://github.com/opentofu
railwayapp,GitHub Organizations,https://github.com/railwayapp
VoronDesign,GitHub Organizations,https://github.com/VoronDesign
panaverse,GitHub Organizations,https://github.com/panaverse
v2fly,GitHub Organizations,https://github.com/v2fly
browser-use,GitHub Organizations,https://github.com/browser-use
zama-ai,GitHub Organizations,https://github.com/zama-ai
mullvad,GitHub Organizations,https://github.com/mullvad
oven-sh,GitHub Organizations,https://github.com/oven-sh
d2l-ai,GitHub Organizations,https://github.com/d2l-ai
lobehub,GitHub Organizations,https://github.com/lobehub
me50,GitHub Organizations,https://github.com/me50
ansible,GitHub Organizations,https://github.com/ansible
immich-app,GitHub Organizations,https://github.com/immich-app
realpython,GitHub Organizations,https://github.com/realpython
adafruit,GitHub Organizations,https://github.com/adafruit
storybookjs,GitHub Organizations,https://github.com/storybookjs
tailscale,GitHub Organizations,https://github.com/tailscale
NVIDIAGameWorks,GitHub Organizations,https://github.com/NVIDIAGameWorks
amnezia-vpn,GitHub Organizations,https://github.com/amnezia-vpn
tonkeeper,GitHub Organizations,https://github.com/tonkeeper
Magisk-Modules-Repo,GitHub Organizations,https://github.com/Magisk-Modules-Repo
kodekloudhub,GitHub Organizations,https://github.com/kodekloudhub
openwrt,GitHub Organizations,https://github.com/openwrt
Cysharp,GitHub Organizations,https://github.com/Cysharp
illinois-cs-coursework,GitHub Organizations,https://github.com/illinois-cs-coursework
langgenius,GitHub Organizations,https://github.com/langgenius
WebAssembly,GitHub Organizations,https://github.com/WebAssembly
mastodon,GitHub Organizations,https://github.com/mastodon
procter-gamble,GitHub Organizations,https://github.com/procter-gamble
jupyter,GitHub Organizations,https://github.com/jupyter
rstudio,GitHub Organizations,https://github.com/rstudio
vllm-project,GitHub Organizations,https://github.com/vllm-project
fishaudio,GitHub Organizations,https://github.com/fishaudio
CodingTrain,GitHub Organizations,https://github.com/CodingTrain
StackExchange,GitHub Organizations,https://github.com/StackExchange
devcontainers,GitHub Organizations,https://github.com/devcontainers
ZJU-FAST-Lab,GitHub Organizations,https://github.com/ZJU-FAST-Lab
shareAI-lab,GitHub Organizations,https://github.com/shareAI-lab
udacity,GitHub Organizations,https://github.com/udacity
nubank,GitHub Organizations,https://github.com/nubank
londonappbrewery,GitHub Organizations,https://github.com/londonappbrewery
CS-BAOYAN,GitHub Organizations,https://github.com/CS-BAOYAN
temporalio,GitHub Organizations,https://github.com/temporalio
salesforce,GitHub Organizations,https://github.com/salesforce
Gentleman-Programming,GitHub Organizations,https://github.com/Gentleman-Programming
OpenGVLab,GitHub Organizations,https://github.com/OpenGVLab
typst,GitHub Organizations,https://github.com/typst
leggedrobotics,GitHub Organizations,https://github.com/leggedrobotics
fastapi,GitHub Organizations,https://github.com/fastapi
thunlp,GitHub Organizations,https://github.com/thunlp
geph-official,GitHub Organizations,https://github.com/geph-official
suitenumerique,GitHub Organizations,https://github.com/suitenumerique
githubnext,GitHub Organizations,https://github.com/githubnext
VoltAgent,GitHub Organizations,https://github.com/VoltAgent
ston-fi,GitHub Organizations,https://github.com/ston-fi
HumanAIGC,GitHub Organizations,https://github.com/HumanAIGC
rolling-scopes-school,GitHub Organizations,https://github.com/rolling-scopes-school
SakanaAI,GitHub Organizations,https://github.com/SakanaAI
Kotlin,GitHub Organizations,https://github.com/Kotlin
masai-course,GitHub Organizations,https://github.com/masai-course
upscayl,GitHub Organizations,https://github.com/upscayl
voidzero-dev,GitHub Organizations,https://github.com/voidzero-dev
replit,GitHub Organizations,https://github.com/replit
yuzu-emu,GitHub Organizations,https://github.com/yuzu-emu
rust-embedded,GitHub Organizations,https://github.com/rust-embedded
codrops,GitHub Organizations,https://github.com/codrops
element-hq,GitHub Organizations,https://github.com/element-hq
web-infra-dev,GitHub Organizations,https://github.com/web-infra-dev
stripe,GitHub Organizations,https://github.com/stripe
hku-mars,GitHub Organizations,https://github.com/hku-mars
SalesforceCommerceCloud,GitHub Organizations,https://github.com/SalesforceCommerceCloud
codesandbox,GitHub Organizations,https://github.com/codesandbox
KDE,GitHub Organizations,https://github.com/KDE
Bayer-Group,GitHub Organizations,https://github.com/Bayer-Group
elizaOS,GitHub Organizations,https://github.com/elizaOS
backend-br,GitHub Organizations,https://github.com/backend-br
atom,GitHub Organizations,https://github.com/atom
raycast,GitHub Organizations,https://github.com/raycast
code100x,GitHub Organizations,https://github.com/code100x
fal-ai,GitHub Organizations,https://github.com/fal-ai
alx-tools,GitHub Organizations,https://github.com/alx-tools
bellingcat,GitHub Organizations,https://github.com/bellingcat
googlecolab,GitHub Organizations,https://github.com/googlecolab
ant-design,GitHub Organizations,https://github.com/ant-design
wazuh,GitHub Organizations,https://github.com/wazuh
VedalAI,GitHub Organizations,https://github.com/VedalAI
google-developer-training,GitHub Organizations,https://github.com/google-developer-training
honojs,GitHub Organizations,https://github.com/honojs
farcasterxyz,GitHub Organizations,https://github.com/farcasterxyz
anaconda,GitHub Organizations,https://github.com/anaconda
xbmc,GitHub Organizations,https://github.com/xbmc
nomic-ai,GitHub Organizations,https://github.com/nomic-ai
ziglang,GitHub Organizations,https://github.com/ziglang
instructlab,GitHub Organizations,https://github.com/instructlab
DataDog,GitHub Organizations,https://github.com/DataDog
HKUST-Aerial-Robotics,GitHub Organizations,https://github.com/HKUST-Aerial-Robotics
WireGuard,GitHub Organizations,https://github.com/WireGuard
Automattic,GitHub Organizations,https://github.com/Automattic
OpenRouterTeam,GitHub Organizations,https://github.com/OpenRouterTeam
MatsuriDayo,GitHub Organizations,https://github.com/MatsuriDayo
torproject,GitHub Organizations,https://github.com/torproject
binance,GitHub Organizations,https://github.com/binance
unslothai,GitHub Organizations,https://github.com/unslothai
codedex-io,GitHub Organizations,https://github.com/codedex-io
Shib-Chain,GitHub Organizations,https://github.com/Shib-Chain
total-typescript,GitHub Organizations,https://github.com/total-typescript
adobe,GitHub Organizations,https://github.com/adobe
ByteByteGoHq,GitHub Organizations,https://github.com/ByteByteGoHq
ipfs,GitHub Organizations,https://github.com/ipfs
DataExpert-io,GitHub Organizations,https://github.com/DataExpert-io
livekit,GitHub Organizations,https://github.com/livekit
rapid7,GitHub Organizations,https://github.com/rapid7
100xdevs-cohort-2,GitHub Organizations,https://github.com/100xdevs-cohort-2
GPT-Engineer-App,GitHub Organizations,https://github.com/GPT-Engineer-App
Cyfrin,GitHub Organizations,https://github.com/Cyfrin
react-native-community,GitHub Organizations,https://github.com/react-native-community
mercadolibre,GitHub Organizations,https://github.com/mercadolibre
tr,GitHub Organizations,https://github.com/tr
getsentry,GitHub Organizations,https://github.com/getsentry
sei-protocol,GitHub Organizations,https://github.com/sei-protocol
MaaAssistantArknights,GitHub Organizations,https://github.com/MaaAssistantArknights
RocketChat,GitHub Organizations,https://github.com/RocketChat
pi-apps,GitHub Organizations,https://github.com/pi-apps
ethereum-optimism,GitHub Organizations,https://github.com/ethereum-optimism
Panda-x-Panel-FF,GitHub Organizations,https://github.com/Panda-x-Panel-FF
jpmorganchase,GitHub Organizations,https://github.com/jpmorganchase
trailheadapps,GitHub Organizations,https://github.com/trailheadapps
obsproject,GitHub Organizations,https://github.com/obsproject
spicetify,GitHub Organizations,https://github.com/spicetify
Xilinx,GitHub Organizations,https://github.com/Xilinx
node-red,GitHub Organizations,https://github.com/node-red
e2b-dev,GitHub Organizations,https://github.com/e2b-dev
TelegramMessenger,GitHub Organizations,https://github.com/TelegramMessenger
excalidraw,GitHub Organizations,https://github.com/excalidraw
GoogleChromeLabs,GitHub Organizations,https://github.com/GoogleChromeLabs
Wan-Video,GitHub Organizations,https://github.com/Wan-Video
ArjanCodes,GitHub Organizations,https://github.com/ArjanCodes
RikkaApps,GitHub Organizations,https://github.com/RikkaApps
aimacode,GitHub Organizations,https://github.com/aimacode
platzi,GitHub Organizations,https://github.com/platzi
trailofbits,GitHub Organizations,https://github.com/trailofbits
FreeRTOS,GitHub Organizations,https://github.com/FreeRTOS
Consensys,GitHub Organizations,https://github.com/Consensys
rairprotocol,GitHub Organizations,https://github.com/rairprotocol
gpu-mode,GitHub Organizations,https://github.com/gpu-mode
ByteDance-Seed,GitHub Organizations,https://github.com/ByteDance-Seed
square,GitHub Organizations,https://github.com/square
IDEA-Research,GitHub Organizations,https://github.com/IDEA-Research
agentscope-ai,GitHub Organizations,https://github.com/agentscope-ai
fmhy,GitHub Organizations,https://github.com/fmhy
Redot-Engine,GitHub Organizations,https://github.com/Redot-Engine
ton-connect,GitHub Organizations,https://github.com/ton-connect
celestiaorg,GitHub Organizations,https://github.com/celestiaorg
makenotion,GitHub Organizations,https://github.com/makenotion
NVIDIA-AI-IOT,GitHub Organizations,https://github.com/NVIDIA-AI-IOT
RedHatOfficial,GitHub Organizations,https://github.com/RedHatOfficial
TauricResearch,GitHub Organizations,https://github.com/TauricResearch
dotnet-architecture,GitHub Organizations,https://github.com/dotnet-architecture
telegramdesktop,GitHub Organizations,https://github.com/telegramdesktop
hyprwm,GitHub Organizations,https://github.com/hyprwm
logseq,GitHub Organizations,https://github.com/logseq
coderabbitai,GitHub Organizations,https://github.com/coderabbitai
basecamp,GitHub Organizations,https://github.com/basecamp
syncthing,GitHub Organizations,https://github.com/syncthing
ContinuumIO,GitHub Organizations,https://github.com/ContinuumIO
tokio-rs,GitHub Organizations,https://github.com/tokio-rs
dromara,GitHub Organizations,https://github.com/dromara
oxidecomputer,GitHub Organizations,https://github.com/oxidecomputer
bilibili,GitHub Organizations,https://github.com/bilibili
BuilderIO,GitHub Organizations,https://github.com/BuilderIO
NVIDIA-Omniverse,GitHub Organizations,https://github.com/NVIDIA-Omniverse
Tencent-Hunyuan,GitHub Organizations,https://github.com/Tencent-Hunyuan
labmlai,GitHub Organizations,https://github.com/labmlai
penpot,GitHub Organizations,https://github.com/penpot
WalletConnect,GitHub Organizations,https://github.com/WalletConnect
figma,GitHub Organizations,https://github.com/figma
nf-core,GitHub Organizations,https://github.com/nf-core
opendatalab,GitHub Organizations,https://github.com/opendatalab
WhatsApp,GitHub Organizations,https://github.com/WhatsApp
SimpleMobileTools,GitHub Organizations,https://github.com/SimpleMobileTools
Nixtla,GitHub Organizations,https://github.com/Nixtla
pydantic,GitHub Organizations,https://github.com/pydantic
EliLillyCo,GitHub Organizations,https://github.com/EliLillyCo
langflow-ai,GitHub Organizations,https://github.com/langflow-ai
redis,GitHub Organizations,https://github.com/redis
duckduckgo,GitHub Organizations,https://github.com/duckduckgo
elevenlabs,GitHub Organizations,https://github.com/elevenlabs
ncbi,GitHub Organizations,https://github.com/ncbi
keras-team,GitHub Organizations,https://github.com/keras-team
TencentARC,GitHub Organizations,https://github.com/TencentARC
docker-library,GitHub Organizations,https://github.com/docker-library
jitsi,GitHub Organizations,https://github.com/jitsi
digitalocean,GitHub Organizations,https://github.com/digitalocean
forem,GitHub Organizations,https://github.com/forem
ohmyzsh,GitHub Organizations,https://github.com/ohmyzsh
opencloud-eu,GitHub Organizations,https://github.com/opencloud-eu
LLM-Red-Team,GitHub Organizations,https://github.com/LLM-Red-Team
tradingview,GitHub Organizations,https://github.com/tradingview
Next-Flip,GitHub Organizations,https://github.com/Next-Flip
Comfy-Org,GitHub Organizations,https://github.com/Comfy-Org
Project-MONAI,GitHub Organizations,https://github.com/Project-MONAI
InternLM,GitHub Organizations,https://github.com/InternLM
gitcoinco,GitHub Organizations,https://github.com/gitcoinco
amzn,GitHub Organizations,https://github.com/amzn
NativePHP,GitHub Organizations,https://github.com/NativePHP
spring-cloud,GitHub Organizations,https://github.com/spring-cloud
NVIDIA-ISAAC-ROS,GitHub Organizations,https://github.com/NVIDIA-ISAAC-ROS
tesseract-ocr,GitHub Organizations,https://github.com/tesseract-ocr
mapbox,GitHub Organizations,https://github.com/mapbox
grpc,GitHub Organizations,https://github.com/grpc
gitlabhq,GitHub Organizations,https://github.com/gitlabhq
awesome-selfhosted,GitHub Organizations,https://github.com/awesome-selfhosted
t3-oss,GitHub Organizations,https://github.com/t3-oss
styled-components,GitHub Organizations,https://github.com/styled-components
rails,GitHub Organizations,https://github.com/rails
AirtestProject,GitHub Organizations,https://github.com/AirtestProject
coze-dev,GitHub Organizations,https://github.com/coze-dev
datahaven-xyz,GitHub Organizations,https://github.com/datahaven-xyz
helios-network,GitHub Organizations,https://github.com/helios-network
HigherOrderCO,GitHub Organizations,https://github.com/HigherOrderCO
zsh-users,GitHub Organizations,https://github.com/zsh-users
100xDevs-hkirat,GitHub Organizations,https://github.com/100xDevs-hkirat
Java-Techie-jt,GitHub Organizations,https://github.com/Java-Techie-jt
sherlock-project,GitHub Organizations,https://github.com/sherlock-project
RefactoringGuru,GitHub Organizations,https://github.com/RefactoringGuru
onnx,GitHub Organizations,https://github.com/onnx
awsdocs,GitHub Organizations,https://github.com/awsdocs
OfficeDev,GitHub Organizations,https://github.com/OfficeDev
LayerZero-Labs,GitHub Organizations,https://github.com/LayerZero-Labs
michiganrobotics,GitHub Organizations,https://github.com/michiganrobotics
department-of-veterans-affairs,GitHub Organizations,https://github.com/department-of-veterans-affairs
GSSoC24,GitHub Organizations,https://github.com/GSSoC24
fossasia,GitHub Organizations,https://github.com/fossasia
graphql,GitHub Organizations,https://github.com/graphql
naver,GitHub Organizations,https://github.com/naver
stanfordnlp,GitHub Organizations,https://github.com/stanfordnlp
quantopian,GitHub Organizations,https://github.com/quantopian
expressjs,GitHub Organizations,https://github.com/expressjs
OpenDriveLab,GitHub Organizations,https://github.com/OpenDriveLab
baidu,GitHub Organizations,https://github.com/baidu
thuml,GitHub Organizations,https://github.com/thuml
Snowflake-Labs,GitHub Organizations,https://github.com/Snowflake-Labs
firecrawl,GitHub Organizations,https://github.com/firecrawl
Canva,GitHub Organizations,https://github.com/Canva
coinbase,GitHub Organizations,https://github.com/coinbase
ARM-software,GitHub Organizations,https://github.com/ARM-software
Xinyuan-LilyGO,GitHub Organizations,https://github.com/Xinyuan-LilyGO
thepower,GitHub Organizations,https://github.com/thepower
devsuperior,GitHub Organizations,https://github.com/devsuperior
googlesamples,GitHub Organizations,https://github.com/googlesamples
Esri,GitHub Organizations,https://github.com/Esri
uber-go,GitHub Organizations,https://github.com/uber-go
mattermost,GitHub Organizations,https://github.com/mattermost
confluentinc,GitHub Organizations,https://github.com/confluentinc
trustedsec,GitHub Organizations,https://github.com/trustedsec
linkedin,GitHub Organizations,https://github.com/linkedin
strapi,GitHub Organizations,https://github.com/strapi
coder,GitHub Organizations,https://github.com/coder
Jigsaw-Code,GitHub Organizations,https://github.com/Jigsaw-Code
gurufinglobal,GitHub Organizations,https://github.com/gurufinglobal
creativetimofficial,GitHub Organizations,https://github.com/creativetimofficial
mihonapp,GitHub Organizations,https://github.com/mihonapp
google-labs-code,GitHub Organizations,https://github.com/google-labs-code
tree-sitter,GitHub Organizations,https://github.com/tree-sitter
zephyrproject-rtos,GitHub Organizations,https://github.com/zephyrproject-rtos
near,GitHub Organizations,https://github.com/near
sky-uk,GitHub Organizations,https://github.com/sky-uk
ionic-team,GitHub Organizations,https://github.com/ionic-team
volvo-cars,GitHub Organizations,https://github.com/volvo-cars
lynx-family,GitHub Organizations,https://github.com/lynx-family
CiscoDevNet,GitHub Organizations,https://github.com/CiscoDevNet
amazon-science,GitHub Organizations,https://github.com/amazon-science
SeleniumHQ,GitHub Organizations,https://github.com/SeleniumHQ
Apress,GitHub Organizations,https://github.com/Apress
zju3dv,GitHub Organizations,https://github.com/zju3dv
istoreos,GitHub Organizations,https://github.com/istoreos
mandiant,GitHub Organizations,https://github.com/mandiant
stoatchat,GitHub Organizations,https://github.com/stoatchat
aave,GitHub Organizations,https://github.com/aave
rapidsai,GitHub Organizations,https://github.com/rapidsai
rockchip-linux,GitHub Organizations,https://github.com/rockchip-linux
Genymobile,GitHub Organizations,https://github.com/Genymobile
aosp-mirror,GitHub Organizations,https://github.com/aosp-mirror
Orbiter-Finance,GitHub Organizations,https://github.com/Orbiter-Finance
YuukiPS,GitHub Organizations,https://github.com/YuukiPS
mysql,GitHub Organizations,https://github.com/mysql
ossf,GitHub Organizations,https://github.com/ossf
OpenBB-finance,GitHub Organizations,https://github.com/OpenBB-finance
whatwg,GitHub Organizations,https://github.com/whatwg
Sanofi-GitHub,GitHub Organizations,https://github.com/Sanofi-GitHub
gleam-lang,GitHub Organizations,https://github.com/gleam-lang
httpie,GitHub Organizations,https://github.com/httpie
kubeflow,GitHub Organizations,https://github.com/kubeflow
truenas,GitHub Organizations,https://github.com/truenas
fluttercommunity,GitHub Organizations,https://github.com/fluttercommunity
axios,GitHub Organizations,https://github.com/axios
gchq,GitHub Organizations,https://github.com/gchq
dockersamples,GitHub Organizations,https://github.com/dockersamples
weights-ai,GitHub Organizations,https://github.com/weights-ai
imputnet,GitHub Organizations,https://github.com/imputnet
WeMakeDevs,GitHub Organizations,https://github.com/WeMakeDevs
beeper,GitHub Organizations,https://github.com/beeper
yandex,GitHub Organizations,https://github.com/yandex
TeoMeWhy,GitHub Organizations,https://github.com/TeoMeWhy
nvidia-cosmos,GitHub Organizations,https://github.com/nvidia-cosmos
ethz-asl,GitHub Organizations,https://github.com/ethz-asl
CppCon,GitHub Organizations,https://github.com/CppCon
psf,GitHub Organizations,https://github.com/psf
maticnetwork,GitHub Organizations,https://github.com/maticnetwork
mathworks,GitHub Organizations,https://github.com/mathworks
nats-io,GitHub Organizations,https://github.com/nats-io
react-component,GitHub Organizations,https://github.com/react-component
pypa,GitHub Organizations,https://github.com/pypa
processing,GitHub Organizations,https://github.com/processing
Textualize,GitHub Organizations,https://github.com/Textualize
pallets,GitHub Organizations,https://github.com/pallets
SagerNet,GitHub Organizations,https://github.com/SagerNet
zotero,GitHub Organizations,https://github.com/zotero
black-forest-labs,GitHub Organizations,https://github.com/black-forest-labs
openimsdk,GitHub Organizations,https://github.com/openimsdk
MicrosoftEdge,GitHub Organizations,https://github.com/MicrosoftEdge
Free-TV,GitHub Organizations,https://github.com/Free-TV
inditex,GitHub Organizations,https://github.com/inditex
antvis,GitHub Organizations,https://github.com/antvis
bitnami,GitHub Organizations,https://github.com/bitnami
pancakeswap,GitHub Organizations,https://github.com/pancakeswap
RustCrypto,GitHub Organizations,https://github.com/RustCrypto
esp-rs,GitHub Organizations,https://github.com/esp-rs
FaztWeb,GitHub Organizations,https://github.com/FaztWeb
CVEProject,GitHub Organizations,https://github.com/CVEProject
aquasecurity,GitHub Organizations,https://github.com/aquasecurity
30-seconds,GitHub Organizations,https://github.com/30-seconds
superfly,GitHub Organizations,https://github.com/superfly
ROCm,GitHub Organizations,https://github.com/ROCm
haqq-network,GitHub Organizations,https://github.com/haqq-network
Polymarket,GitHub Organizations,https://github.com/Polymarket
inkonchain,GitHub Organizations,https://github.com/inkonchain
jazzband,GitHub Organizations,https://github.com/jazzband
Magisk-Modules-Alt-Repo,GitHub Organizations,https://github.com/Magisk-Modules-Alt-Repo
hyperledger,GitHub Organizations,https://github.com/hyperledger
OpenIPC,GitHub Organizations,https://github.com/OpenIPC
anoma,GitHub Organizations,https://github.com/anoma
RPCS3,GitHub Organizations,https://github.com/RPCS3
testcontainers,GitHub Organizations,https://github.com/testcontainers
pointfreeco,GitHub Organizations,https://github.com/pointfreeco
janestreet,GitHub Organizations,https://github.com/janestreet
tronprotocol,GitHub Organizations,https://github.com/tronprotocol
firstcontributions,GitHub Organizations,https://github.com/firstcontributions
rtCamp,GitHub Organizations,https://github.com/rtCamp
internetarchive,GitHub Organizations,https://github.com/internetarchive
stanford-cs336,GitHub Organizations,https://github.com/stanford-cs336
platformio,GitHub Organizations,https://github.com/platformio
frontendmentorio,GitHub Organizations,https://github.com/frontendmentorio
Kaggle,GitHub Organizations,https://github.com/Kaggle
uzh-rpg,GitHub Organizations,https://github.com/uzh-rpg
flashbots,GitHub Organizations,https://github.com/flashbots
roadmapsh,GitHub Organizations,https://github.com/roadmapsh
reactwg,GitHub Organizations,https://github.com/reactwg
gitpod-io,GitHub Organizations,https://github.com/gitpod-io
nexus-xyz,GitHub Organizations,https://github.com/nexus-xyz
dbt-labs,GitHub Organizations,https://github.com/dbt-labs
1Password,GitHub Organizations,https://github.com/1Password
dappuniversity,GitHub Organizations,https://github.com/dappuniversity
https-deeplearning-ai,GitHub Organizations,https://github.com/https-deeplearning-ai
openshift,GitHub Organizations,https://github.com/openshift
shardeum,GitHub Organizations,https://github.com/shardeum
FFmpeg,GitHub Organizations,https://github.com/FFmpeg
prusa3d,GitHub Organizations,https://github.com/prusa3d
ppy,GitHub Organizations,https://github.com/ppy
Flipper-XFW,GitHub Organizations,https://github.com/Flipper-XFW
langchain4j,GitHub Organizations,https://github.com/langchain4j
instructkr,GitHub Organizations,https://github.com/instructkr
get-convex,GitHub Organizations,https://github.com/get-convex
panaversity,GitHub Organizations,https://github.com/panaversity
boostorg,GitHub Organizations,https://github.com/boostorg
eden-emulator,GitHub Organizations,https://github.com/eden-emulator
symfony,GitHub Organizations,https://github.com/symfony
lm-sys,GitHub Organizations,https://github.com/lm-sys
WTFAcademy,GitHub Organizations,https://github.com/WTFAcademy
Open-Bootcamp,GitHub Organizations,https://github.com/Open-Bootcamp
diia-open-source,GitHub Organizations,https://github.com/diia-open-source
tryber,GitHub Organizations,https://github.com/tryber
ParrotSec,GitHub Organizations,https://github.com/ParrotSec
betaflight,GitHub Organizations,https://github.com/betaflight
kelasterbuka,GitHub Organizations,https://github.com/kelasterbuka
Launch-X-Latam,GitHub Organizations,https://github.com/Launch-X-Latam
minio,GitHub Organizations,https://github.com/minio
wikimedia,GitHub Organizations,https://github.com/wikimedia
owid,GitHub Organizations,https://github.com/owid
postgres,GitHub Organizations,https://github.com/postgres
Maersk-Global,GitHub Organizations,https://github.com/Maersk-Global
100xdevs-cohort-3,GitHub Organizations,https://github.com/100xdevs-cohort-3
numpy,GitHub Organizations,https://github.com/numpy
TechForPalestine,GitHub Organizations,https://github.com/TechForPalestine
itchio,GitHub Organizations,https://github.com/itchio
Effect-TS,GitHub Organizations,https://github.com/Effect-TS
googlers,GitHub Organizations,https://github.com/googlers
AndronixApp,GitHub Organizations,https://github.com/AndronixApp
m5stack,GitHub Organizations,https://github.com/m5stack
openstreetmap,GitHub Organizations,https://github.com/openstreetmap
okx,GitHub Organizations,https://github.com/okx
quran,GitHub Organizations,https://github.com/quran
opencontainers,GitHub Organizations,https://github.com/opencontainers
crewAIInc,GitHub Organizations,https://github.com/crewAIInc
rabbitmq,GitHub Organizations,https://github.com/rabbitmq
facebookincubator,GitHub Organizations,https://github.com/facebookincubator
googlecodelabs,GitHub Organizations,https://github.com/googlecodelabs
ORCID,GitHub Organizations,https://github.com/ORCID
it-ebooks-0,GitHub Organizations,https://github.com/it-ebooks-0
meituan,GitHub Organizations,https://github.com/meituan
you-dont-need,GitHub Organizations,https://github.com/you-dont-need
kiteco,GitHub Organizations,https://github.com/kiteco
nginx,GitHub Organizations,https://github.com/nginx
opnsense,GitHub Organizations,https://github.com/opnsense
cod3rcursos,GitHub Organizations,https://github.com/cod3rcursos
mlc-ai,GitHub Organizations,https://github.com/mlc-ai
dockur,GitHub Organizations,https://github.com/dockur
spring-guides,GitHub Organizations,https://github.com/spring-guides
Codecademy,GitHub Organizations,https://github.com/Codecademy
encode,GitHub Organizations,https://github.com/encode
devops-by-examples,GitHub Organizations,https://github.com/devops-by-examples
BishopFox,GitHub Organizations,https://github.com/BishopFox
nix-community,GitHub Organizations,https://github.com/nix-community
apify,GitHub Organizations,https://github.com/apify
resend,GitHub Organizations,https://github.com/resend
carbon-language,GitHub Organizations,https://github.com/carbon-language
FlowiseAI,GitHub Organizations,https://github.com/FlowiseAI
AgibotTech,GitHub Organizations,https://github.com/AgibotTech
ory,GitHub Organizations,https://github.com/ory
ArduPilot,GitHub Organizations,https://github.com/ArduPilot
HowProgrammingWorks,GitHub Organizations,https://github.com/HowProgrammingWorks
paritytech,GitHub Organizations,https://github.com/paritytech
bytecodealliance,GitHub Organizations,https://github.com/bytecodealliance
javascript-tutorial,GitHub Organizations,https://github.com/javascript-tutorial
ruby,GitHub Organizations,https://github.com/ruby
auth0,GitHub Organizations,https://github.com/auth0
SidraChain,GitHub Organizations,https://github.com/SidraChain
uBlockOrigin,GitHub Organizations,https://github.com/uBlockOrigin
Rust-for-Linux,GitHub Organizations,https://github.com/Rust-for-Linux
plotly,GitHub Organizations,https://github.com/plotly
venom-blockchain,GitHub Organizations,https://github.com/venom-blockchain
solana-foundation,GitHub Organizations,https://github.com/solana-foundation
googleprojectzero,GitHub Organizations,https://github.com/googleprojectzero
cosmos,GitHub Organizations,https://github.com/cosmos
calcom,GitHub Organizations,https://github.com/calcom
twofas,GitHub Organizations,https://github.com/twofas
thirdweb-dev,GitHub Organizations,https://github.com/thirdweb-dev
modularml,GitHub Organizations,https://github.com/modularml
ComposioHQ,GitHub Organizations,https://github.com/ComposioHQ
libsdl-org,GitHub Organizations,https://github.com/libsdl-org
lbg-gcp-foundation,GitHub Organizations,https://github.com/lbg-gcp-foundation
utmapp,GitHub Organizations,https://github.com/utmapp
orbstack,GitHub Organizations,https://github.com/orbstack
f-lab-edu,GitHub Organizations,https://github.com/f-lab-edu
The-Run-Philosophy-Organization,GitHub Organizations,https://github.com/The-Run-Philosophy-Organization
triton-inference-server,GitHub Organizations,https://github.com/triton-inference-server
LadybirdBrowser,GitHub Organizations,https://github.com/LadybirdBrowser
brilliantlabsAR,GitHub Organizations,https://github.com/brilliantlabsAR
system76,GitHub Organizations,https://github.com/system76
McK-Internal,GitHub Organizations,https://github.com/McK-Internal
isl-org,GitHub Organizations,https://github.com/isl-org
dortania,GitHub Organizations,https://github.com/dortania
PostHog,GitHub Organizations,https://github.com/PostHog
d3,GitHub Organizations,https://github.com/d3
ente-io,GitHub Organizations,https://github.com/ente-io
edk2-porting,GitHub Organizations,https://github.com/edk2-porting
coqui-ai,GitHub Organizations,https://github.com/coqui-ai
JuliaLang,GitHub Organizations,https://github.com/JuliaLang
rime,GitHub Organizations,https://github.com/rime
geode-sdk,GitHub Organizations,https://github.com/geode-sdk
Apollo-Level2-Web-Dev,GitHub Organizations,https://github.com/Apollo-Level2-Web-Dev
opencollective,GitHub Organizations,https://github.com/opencollective
lvgl,GitHub Organizations,https://github.com/lvgl
hydralauncher,GitHub Organizations,https://github.com/hydralauncher
Maldev-Academy,GitHub Organizations,https://github.com/Maldev-Academy
goldmansachs,GitHub Organizations,https://github.com/goldmansachs
PretendoNetwork,GitHub Organizations,https://github.com/PretendoNetwork
gorilla,GitHub Organizations,https://github.com/gorilla
dicodingacademy,GitHub Organizations,https://github.com/dicodingacademy
paradigmxyz,GitHub Organizations,https://github.com/paradigmxyz
swagger-api,GitHub Organizations,https://github.com/swagger-api
hpcaitech,GitHub Organizations,https://github.com/hpcaitech
modrinth,GitHub Organizations,https://github.com/modrinth
heroku,GitHub Organizations,https://github.com/heroku
antiwork,GitHub Organizations,https://github.com/antiwork
GitbookIO,GitHub Organizations,https://github.com/GitbookIO
AI4Bharat,GitHub Organizations,https://github.com/AI4Bharat
All-About-AI-YouTube,GitHub Organizations,https://github.com/All-About-AI-YouTube
dapr,GitHub Organizations,https://github.com/dapr
DioxusLabs,GitHub Organizations,https://github.com/DioxusLabs
zerodha,GitHub Organizations,https://github.com/zerodha
TeamNewPipe,GitHub Organizations,https://github.com/TeamNewPipe
CleverProgrammers,GitHub Organizations,https://github.com/CleverProgrammers
fluttercandies,GitHub Organizations,https://github.com/fluttercandies
vmware,GitHub Organizations,https://github.com/vmware
BlackArch,GitHub Organizations,https://github.com/BlackArch
toss,GitHub Organizations,https://github.com/toss
slowmist,GitHub Organizations,https://github.com/slowmist
bloomberg,GitHub Organizations,https://github.com/bloomberg
yandexdataschool,GitHub Organizations,https://github.com/yandexdataschool
puppeteer,GitHub Organizations,https://github.com/puppeteer
atherosai,GitHub Organizations,https://github.com/atherosai
paypal,GitHub Organizations,https://github.com/paypal
Genesis-Embodied-AI,GitHub Organizations,https://github.com/Genesis-Embodied-AI
strands-agents,GitHub Organizations,https://github.com/strands-agents
analogdevicesinc,GitHub Organizations,https://github.com/analogdevicesinc
raindropio,GitHub Organizations,https://github.com/raindropio
Python-Repository-Hub,GitHub Organizations,https://github.com/Python-Repository-Hub
tenstorrent,GitHub Organizations,https://github.com/tenstorrent
h2oai,GitHub Organizations,https://github.com/h2oai
Equifax,GitHub Organizations,https://github.com/Equifax
sede-x,GitHub Organizations,https://github.com/sede-x
Orange-Cyberdefense,GitHub Organizations,https://github.com/Orange-Cyberdefense
localstack,GitHub Organizations,https://github.com/localstack
QuantConnect,GitHub Organizations,https://github.com/QuantConnect
didi,GitHub Organizations,https://github.com/didi
Vanilla-OS,GitHub Organizations,https://github.com/Vanilla-OS
f-droid,GitHub Organizations,https://github.com/f-droid
acidanthera,GitHub Organizations,https://github.com/acidanthera
aliyun,GitHub Organizations,https://github.com/aliyun
googleanalytics,GitHub Organizations,https://github.com/googleanalytics
v2ray,GitHub Organizations,https://github.com/v2ray
italia,GitHub Organizations,https://github.com/italia
sipeed,GitHub Organizations,https://github.com/sipeed
qt,GitHub Organizations,https://github.com/qt
ClickHouse,GitHub Organizations,https://github.com/ClickHouse
PicPay,GitHub Organizations,https://github.com/PicPay
snyk,GitHub Organizations,https://github.com/snyk
papers-we-love,GitHub Organizations,https://github.com/papers-we-love
cypress-io,GitHub Organizations,https://github.com/cypress-io
cline,GitHub Organizations,https://github.com/cline
volcengine,GitHub Organizations,https://github.com/volcengine
telus,GitHub Organizations,https://github.com/telus
payloadcms,GitHub Organizations,https://github.com/payloadcms
usnistgov,GitHub Organizations,https://github.com/usnistgov
aws-ia,GitHub Organizations,https://github.com/aws-ia
ensdomains,GitHub Organizations,https://github.com/ensdomains
chromium,GitHub Organizations,https://github.com/chromium
databricks-academy,GitHub Organizations,https://github.com/databricks-academy
FrontendMasters,GitHub Organizations,https://github.com/FrontendMasters
GNOME,GitHub Organizations,https://github.com/GNOME
SciML,GitHub Organizations,https://github.com/SciML
bigcode-project,GitHub Organizations,https://github.com/bigcode-project
eu-digital-identity-wallet,GitHub Organizations,https://github.com/eu-digital-identity-wallet
letsencrypt,GitHub Organizations,https://github.com/letsencrypt
poloclub,GitHub Organizations,https://github.com/poloclub
tidyverse,GitHub Organizations,https://github.com/tidyverse
nmap,GitHub Organizations,https://github.com/nmap
perplexityai,GitHub Organizations,https://github.com/perplexityai
MediaCrawlerPro,GitHub Organizations,https://github.com/MediaCrawlerPro
amd,GitHub Organizations,https://github.com/amd
CodelyTV,GitHub Organizations,https://github.com/CodelyTV
pingcap,GitHub Organizations,https://github.com/pingcap
huawei-noah,GitHub Organizations,https://github.com/huawei-noah
CesiumGS,GitHub Organizations,https://github.com/CesiumGS
autowarefoundation,GitHub Organizations,https://github.com/autowarefoundation
treasureland-market,GitHub Organizations,https://github.com/treasureland-market
TeamVanced,GitHub Organizations,https://github.com/TeamVanced
openvinotoolkit,GitHub Organizations,https://github.com/openvinotoolkit
gradle,GitHub Organizations,https://github.com/gradle
rustcn-org,GitHub Organizations,https://github.com/rustcn-org
void-linux,GitHub Organizations,https://github.com/void-linux
notepad-plus-plus,GitHub Organizations,https://github.com/notepad-plus-plus
nymtech,GitHub Organizations,https://github.com/nymtech
adeo,GitHub Organizations,https://github.com/adeo
bigskysoftware,GitHub Organizations,https://github.com/bigskysoftware
chipsalliance,GitHub Organizations,https://github.com/chipsalliance
pnp,GitHub Organizations,https://github.com/pnp
SkyworkAI,GitHub Organizations,https://github.com/SkyworkAI
EmbarkStudios,GitHub Organizations,https://github.com/EmbarkStudios
filecoin-project,GitHub Organizations,https://github.com/filecoin-project
sourcegraph,GitHub Organizations,https://github.com/sourcegraph
crdroidandroid,GitHub Organizations,https://github.com/crdroidandroid
terraform-google-modules,GitHub Organizations,https://github.com/terraform-google-modules
Farama-Foundation,GitHub Organizations,https://github.com/Farama-Foundation
ray-project,GitHub Organizations,https://github.com/ray-project
maplibre,GitHub Organizations,https://github.com/maplibre
pinecone-io,GitHub Organizations,https://github.com/pinecone-io
tinygrad,GitHub Organizations,https://github.com/tinygrad
nasa-jpl,GitHub Organizations,https://github.com/nasa-jpl
cloudposse,GitHub Organizations,https://github.com/cloudposse
builtbybel,GitHub Organizations,https://github.com/builtbybel
zerotier,GitHub Organizations,https://github.com/zerotier
nsacyber,GitHub Organizations,https://github.com/nsacyber
alura-es-cursos,GitHub Organizations,https://github.com/alura-es-cursos
coollabsio,GitHub Organizations,https://github.com/coollabsio
agno-agi,GitHub Organizations,https://github.com/agno-agi
OpenVPN,GitHub Organizations,https://github.com/OpenVPN
open-vela,GitHub Organizations,https://github.com/open-vela
TeamWin,GitHub Organizations,https://github.com/TeamWin
campus-experts,GitHub Organizations,https://github.com/campus-experts
googlefonts,GitHub Organizations,https://github.com/googlefonts
freqtrade,GitHub Organizations,https://github.com/freqtrade
dotnetcore,GitHub Organizations,https://github.com/dotnetcore
Kong,GitHub Organizations,https://github.com/Kong
cdnjs,GitHub Organizations,https://github.com/cdnjs
flutterchina,GitHub Organizations,https://github.com/flutterchina
zenchain-protocol,GitHub Organizations,https://github.com/zenchain-protocol
dailydotdev,GitHub Organizations,https://github.com/dailydotdev
McK-Private,GitHub Organizations,https://github.com/McK-Private
darkroomengineering,GitHub Organizations,https://github.com/darkroomengineering
dmlc,GitHub Organizations,https://github.com/dmlc
SouJunior,GitHub Organizations,https://github.com/SouJunior
fudan-generative-vision,GitHub Organizations,https://github.com/fudan-generative-vision
PonyTownTeam,GitHub Organizations,https://github.com/PonyTownTeam
blockchain,GitHub Organizations,https://github.com/blockchain
chaitin,GitHub Organizations,https://github.com/chaitin
qdrant,GitHub Organizations,https://github.com/qdrant
kyutai-labs,GitHub Organizations,https://github.com/kyutai-labs
renderinc,GitHub Organizations,https://github.com/renderinc
nv-tlabs,GitHub Organizations,https://github.com/nv-tlabs
youtube,GitHub Organizations,https://github.com/youtube
AvaloniaUI,GitHub Organizations,https://github.com/AvaloniaUI
megaeth-labs,GitHub Organizations,https://github.com/megaeth-labs
btcpayserver,GitHub Organizations,https://github.com/btcpayserver
XiaomiMiMo,GitHub Organizations,https://github.com/XiaomiMiMo
parcel-bundler,GitHub Organizations,https://github.com/parcel-bundler
facefusion,GitHub Organizations,https://github.com/facefusion
equinor,GitHub Organizations,https://github.com/equinor
The-Cool-Coders,GitHub Organizations,https://github.com/The-Cool-Coders
PaperMC,GitHub Organizations,https://github.com/PaperMC
nvpro-samples,GitHub Organizations,https://github.com/nvpro-samples
thu-ml,GitHub Organizations,https://github.com/thu-ml
elementary,GitHub Organizations,https://github.com/elementary
pocketbase,GitHub Organizations,https://github.com/pocketbase
immortalwrt,GitHub Organizations,https://github.com/immortalwrt
InternRobotics,GitHub Organizations,https://github.com/InternRobotics
supabase-community,GitHub Organizations,https://github.com/supabase-community
cli,GitHub Organizations,https://github.com/cli
Brackeys,GitHub Organizations,https://github.com/Brackeys
TryGhost,GitHub Organizations,https://github.com/TryGhost
